id,tag,sentence
1,1,"For the last quarter of 2010 , Componenta 's net sales doubled to EUR131m from EUR76m for the same period a year earlier , while it moved to a zero pre-tax profit from a pre-tax loss of EUR7m ."
2,1,"In the third quarter of 2010 , net sales increased by 5.2 % to EUR 205.5 mn , and operating profit by 34.9 % to EUR 23.5 mn ."
3,1,Operating profit rose to EUR 13.1 mn from EUR 8.7 mn in the corresponding period in 2007 representing 7.7 % of net sales .
4,1,"Operating profit totalled EUR 21.1 mn , up from EUR 18.6 mn in 2007 , representing 9.7 % of net sales ."
5,1,"Finnish Talentum reports its operating profit increased to EUR 20.5 mn in 2005 from EUR 9.3 mn in 2004 , and net sales totaled EUR 103.3 mn , up from EUR 96.4 mn ."
6,1,"Clothing retail chain Sepp+ñl+ñ 's sales increased by 8 % to EUR 155.2 mn , and operating profit rose to EUR 31.1 mn from EUR 17.1 mn in 2004 ."
7,1,"Consolidated net sales increased 16 % to reach EUR74 .8 m , while operating profit amounted to EUR0 .9 m compared to a loss of EUR0 .7 m in the prior year period ."
8,1,"Foundries division reports its sales increased by 9.7 % to EUR 63.1 mn from EUR 57.5 mn in the corresponding period in 2006 , and sales of the Machine Shop division increased by 16.4 % to EUR 41.2 mn from EUR 35.4 mn in the corresponding period in 2006 ."
9,1,"HELSINKI ( AFX ) - Shares closed higher , led by Nokia after it announced plans to team up with Sanyo to manufacture 3G handsets , and by Nokian Tyres after its fourth-quarter earnings report beat analysts ' expectations , dealers said ."
10,1,"Its board of directors will propose a dividend of EUR0 .12 per share for 2010 , up from the EUR0 .08 per share paid in 2009 ."
11,1,"MegaFon 's subscriber base increased 16.1 % in 2009 to 50.5 million users as of December 31 , while its market share by the number of customers amounted to 24 % as of late 2009 , up from 23 % as of late 2008 , according to TeliaSonera estimates ."
12,1,"Net income from life insurance doubled to EUR 6.8 mn from EUR 3.2 mn , and net income from non-life insurance rose to EUR 5.2 mn from EUR 1.5 mn in the corresponding period in 2009 ."
13,1,Net sales increased to EUR193 .3 m from EUR179 .9 m and pretax profit rose by 34.2 % to EUR43 .1 m. ( EUR1 = USD1 .4 )
14,1,"Net sales surged by 18.5 % to EUR167 .8 m. Teleste said that EUR20 .4 m , or 12.2 % , of the sales came from the acquisitions made in 2009 ."
15,1,Nordea Group 's operating profit increased in 2010 by 18 percent year-on-year to 3.64 billion euros and total revenue by 3 percent to 9.33 billion euros .
16,1,"Operating profit for the nine-month period increased from EUR13 .6 m , while net sales increased from EUR394 .7 m , as compared to the corresponding period in 2005 ."
17,1,"Operating profit for the three-month period increased from EUR1 .2 m , while revenue increased from EUR20 .2 m , as compared to the corresponding period in 2005 ."
18,1,"The company 's net profit rose 11.4 % on the year to 82.2 million euros in 2005 on sales of 686.5 million euros , 13.8 % up on the year , the company said earlier ."
19,1,"The Lithuanian beer market made up 14.41 million liters in January , a rise of 0.8 percent from the year-earlier figure , the Lithuanian Brewers ' Association reporting citing the results from its members ."
20,1,"Viking Line 's cargo revenue increased by 5.4 % to EUR 21.46 mn , and cargo volume increased by 2.4 % to 70,116 cargo units ."
21,1,"The fair value of the property portfolio doubled as a result of the Kapiteeli acquisition and totalled EUR 2,686.2 1,259.7 million ."
22,1,10 February 2011 - Finnish media company Sanoma Oyj HEL : SAA1V said yesterday its 2010 net profit almost tripled to EUR297 .3 m from EUR107 .1 m for 2009 and announced a proposal for a raised payout .
23,1,"A Helsinki : ELIiV today reported EPS of EUR1 .13 for 2009 , an increase over EPS of EUR1 .12 in 2008 ."
24,1,"Commission income increased by 22 % to EUR 4.4 mn , and lending volume rose by 13.5 % ."
25,1,"In January , traffic , measured in revenue passenger kilometres RPK , went up by 3.2 % and capacity , measured in available seat kilometres ASK , rose by 12.2 % ."
26,1,"In January-September 2010 , Fiskars ' net profit went up by 14 % year-on-year to EUR 65.4 million and net sales to EUR 525.3 million from EUR 487.7 million ."
27,1,"Net income from life insurance rose to EUR 16.5 mn from EUR 14.0 mn , and net income from non-life insurance to EUR 22.6 mn from EUR 15.2 mn in 2009 ."
28,1,Sales have risen in other export markets .
29,1,Sales increased due to growing market rates and increased operations .
30,1,The agreement strengthens our long-term partnership with Nokia Siemens Networks .
31,1,"The company 's order book stood at 1.5 bln euro $ 2.2 bln on September 30 , 2007 , up by 24.2 pct on the year , with international orders amounting to 365 mln euro $ 534.3 mln ."
32,1,"The company said that paper demand increased in all of its main markets , including of publication papers , and that it increased average paper prices by 4 percent compared with last year ."
33,1,"The world 's second largest stainless steel maker said net profit in the three-month period until Dec. 31 surged to euro603 million US$ 781 million , or euro3 .33 US$ 4.31 per share , from euro172 million , or euro0 .94 per share , the previous year ."
34,1,"Shares of Standard Chartered ( STAN ) rose 1.2 % in the FTSE 100 , while Royal Bank of Scotland ( RBS ) shares rose 2 % and Barclays shares ( BARC ) ( BCS ) were up 1.7 % ."
35,1,Shares of Nokia Corp. rose Thursday after the cell phone maker said its third-quarter earnings almost doubled and its share of the global handset market increased .
36,1,"In its financial report , published on Friday , SEB said its net profit soared to SEK6 .745 bn in 2010 from a year-earlier SEK1 .114 bn and proposed a 50 % dividend increase to SEK1 .50 per share ."
37,1,The acquisition will considerably increase Kemira 's sales and market position in the Russian metal industry coatings market .
38,1,"In January-September 2007 , Finnlines ' net sales rose to EUR 505.4 mn from EUR 473.5 mn in the corresponding period in 2006 ."
39,1,"Adjusted for changes in the Group structure , the Division 's net sales increased by 1.7 % ."
40,1,"4 February 2011 - Finnish broadband data communication systems provider Teleste Oyj HEL : TLT1V saw its net profit jump to EUR2 .1 m for the last quarter of 2010 from EUR995 ,000 for the same period of 2009 ."
41,1,Finnish Aktia Group 's operating profit rose to EUR 17.5 mn in the first quarter of 2010 from EUR 8.2 mn in the first quarter of 2009 .
42,1,Finnish Bank of +àland 's consolidated net operating profit increased from EUR 4.8 mn in the first quarter of 2005 to EUR 6.4 mn in the first quarter of 2006 .
43,1,"Finnish financial group Aktia reports operating profit of EUR 44.4 mn in January-September 2009 , up from EUR 37.3 mn in the corresponding period in 2008 ."
44,1,"Finnish high technology provider Vaahto Group reports net sales of EUR 41.8 mn in the accounting period September 2007 - February 2008 , an increase of 11.2 % from a year earlier ."
45,1,Net sales of Finnish food industry company L+ñnnen Tehtaat 's continuing operations increased by 13 % in 2008 to EUR 349.1 mn from EUR 309.6 mn in 2007 .
46,1,Biohit already services many current Genesis customers and the customer base is expected to expand as a result of this agreement .
47,1,"Both operating profit and turnover for the three-month period increased , respectively from EUR0 .9 m and EUR8 .3 m , as compared to the corresponding period in 2005 ."
48,1,Circulation revenue has increased by 5 % in Finland and 4 % in Sweden in 2008 .
49,1,Clothing chain Sepp+ñl+ñ 's net sales increased by 7.0 % to EUR 30.8 mn .
50,1,Construction volumes meanwhile grow at a rate of 10-15 percent annually .
51,1,"However , Biohit estimates its total net sales will continue to grow in 2009 , and that favourable trends in net sales will lead to a profit in 2009 ."
52,1,"In 2009 , Fiskars ' cash flow from operating activities amounted to EUR121m , up from EUR97m in the previous year ."
53,1,"In Lithuania , operating profit rose to EUR 190,000 from EUR 70,000 in the corresponding period in 2005 ."
54,1,"In the fourth quarter of 2008 , net sales increased by 2 % to EUR 1,050.7 mn from EUR 1,027.0 mn in the fourth quarter of 2007 ."
55,1,"International sales rose by 59.8 % to EUR 1,244.4 mn ."
56,1,Net sales grew in the period to x20ac 402 million $ 585US million from x20ac 401 million in 2006 .
57,1,Net sales increased to EUR655m in April to June 2010 from EUR438m a year earlier .
58,1,"Net sales rose by 25.5 % year-on-year to EUR59 .6 m , as the number of chargers delivered went up by 41 % to 65.9 million pieces ."
59,1,"Net sales totaled EUR 93.6 mn , up from EUR 93.2 mn in the corresponding period in 2005 ."
60,1,Operating profit increased by 145.1 % to EUR 8.3 mn from EUR 3.4 mn .
61,1,Operating profit margin increased from 11.2 % to 11.7 % .
62,1,Operating profit rose to EUR 3.11 mn from EUR 1.22 mn in the corresponding period in 2009 .
63,1,Operating profit rose to EUR 5mn from EUR 2.8 mn in the fourth quarter of 2008 .
64,1,"Operating profit was EUR 24.5 mn , up from EUR 23.0 mn ."
65,1,"Ramirent 's net sales in the second quarterended June 30 were EURO 128.7 million about U.S. $ 163 million , a 3.3-percent increase compared with EURO 124.6 million for thesecond quarter last year ."
66,1,"Revenue grew by 2 percent to x20ac 580 million $ 743 million , from x20ac 569 million ."
67,1,"Ruukki 's delivery volumes and selling prices showed favourable development and the company 's comparable net sales grew by 50 % year-on-year to EUR647m , CEO Sakari Tamminen said ."
68,1,"The company 's consolidated operating profit amounted to EUR 15.86 mn , up from EUR 4.14 mn year-on-year ."
69,1,The Department Store Division reported an increase in sales of 4 per cent .
70,1,The fair value of the company 's investment properties grew to EUR 2.803 billion at the end of March 2009 from EUR 2.691 million a year ago .
71,1,"The last quarter was the best quarter of 2009 in net sales , and the operating margin rose to 12.2 % ."
72,1,"The major breweries increased their domestic beer sales by 4.5 per cent last year , to 256.88 million litres from 245.92 million litres in 2004 ."
73,1,- Operating profit rose by 26.9 % to EUR 105.8 ( 83.4 ) million .
74,1,21 October 2010 - Finnish fishing tackle company Rapala VMC Corp ( HEL : RAP1V ) said today its net profit rose to EUR18 .9 m for the first nine months of 2010 from EUR15 .1 m for the same period a year earlier .
75,1,"According to Finnish Metso Minerals , the value of the company 's orders has gone up to EUR 1.9 bn in 12 months ."
76,1,Finnish Bank of +àland reports its operating profit rose to EUR 21.3 mn in the second quarter of 2009 from EUR 6.1 mn in the corresponding period in 2008 .
77,1,Finnish financial group Aktia 's operating profit for 2009 increased to EUR 47.0 mn from EUR 6.6 mn in 2008 .
78,1,Finnish forest machinery manufacturer Ponsse 's net sales grew to EUR 51.3 mn in the first quarter of 2010 from EUR 37.5 mn in the corresponding period in 2009 .
79,1,Finnish KCI Konecranes has raised its net sales growth estimate for 2006 from over 25 % to over 35 % .
80,1,"According to HKScan Finland , the plan is to increase J+ñrvi-Suomen Portti 's net sales to EUR 80mn to EUR 100mn ."
81,1,"Advertising and circulation revenues grew by 3.4 % and by 0.4 % , respectively ."
82,1,"At the end of March 2007 , the group 's order book was at EUR 39.6 mn , up 42 % from the corresponding period in 2006 ."
83,1,"At the same time profit of the company increased by 10 % in H1 and reached Ls 79,000 ."
84,1,"Both operating profit and net sales for the 12-month period increased , respectively from EUR10 .5 m and EUR28 .8 m , as compared to the financial year 2004 ."
85,1,"Both operating profit and net sales for the 12-month period increased , respectively from EUR20 .8 m and EUR177 .7 m , as compared to the financial year 2004 ."
86,1,"Both operating profit and net sales for the 12-month period increased , respectively from EUR21 .5 m and EUR196 .1 m , as compared to 2005 ."
87,1,"Both operating profit and net sales for the 12-month period increased , respectively from EUR4 .7 m and EUR26 .7 m , as compared to 2004 ."
88,1,"Both operating profit and net sales for the nine-month period increased , respectively by 26.6 % and 3.4 % , as compared to the corresponding period in 2006 ."
89,1,"Both operating profit and net sales for the six-month period increased , respectively , from EUR13 .8 m and EUR143 .6 m , as compared to the corresponding period in 2007 ."
90,1,"Both operating profit and net sales for the six-month period increased , respectively from EUR0 .4 m and EUR3 .2 m , as compared to the corresponding period in 2005 ."
91,1,"Both operating profit and net sales for the six-month period increased , respectively from EUR18 .1 m and EUR127 .6 m , as compared to the corresponding period in 2006 ."
92,1,"Both operating profit and net sales for the six-month period increased , respectively from EUR7 .5 m and EUR655 .5 m , as compared to the corresponding period in 2005 ."
93,1,"Both operating profit and net sales for the three-month period increased , respectively from EUR15 .1 m and EUR131 .5 m , as compared to the corresponding period in 2005 ."
94,1,"Both operating profit and net sales for the three-month period increased , respectively from EUR16 .0 m and EUR139m , as compared to the corresponding quarter in 2006 ."
95,1,"Both operating profit and sales for the three-month period increased , respectively from EUR0 .3 m and EUR13 .1 m , as compared to the corresponding period in 2005 ."
96,1,"Both operating profit and turnover for the nine-month period increased , respectively from EUR2 .4 m and EUR43 .8 m , as compared to the corresponding period a year ago ."
97,1,"Both operating profit and turnover for the six-month period increased , respectively , from EUR17 .6 m and EUR1149 .9 m , as compared to the corresponding period in 2007 ."
98,1,"Both operating profit and turnover for the six-month period increased , respectively from EUR0 .1 m and EUR29 .0 m , as compared to the corresponding period a year ago ."
99,1,Cargo volume increased by approximately 5 % .
100,1,"comparable operating profit totaled EUR 854mn , up from EUR 730mn in 2004 ."
101,1,"Digia said its consolidated net sales for January-June 2010 were EUR67 .8 m , up 9.7 % on the same period in 2009 ( EUR61 .9 m ) ."
102,1,Diluted earnings per share ( EPS ) rose to EUR 0.29 from EUR 0.05 .
103,1,Diluted earnings per share ( EPS ) rose to EUR 0.52 versus EUR 0.09 .
104,1,Diluted earnings per share ( EPS ) rose to EUR 1.05 from EUR 0.64 .
105,1,Diluted earnings per share ( EPS ) rose to EUR 3.68 from EUR 0.50 .
106,1,Diluted EPS rose to EUR3 .68 from EUR0 .50 .
107,1,EBIT margin was up from 1.4 % to 5.1 % .
108,1,"EPS from continuing operations came in at 0.30 eur , up from 0.17 ."
109,1,"Equity ratio was 60.9 % compared to 54.2 % In the third quarter of 2007 , net sales of the Frozen Foods Business totaled EUR 11.0 , up by about 5 % from the third quarter of 2006 ."
110,1,"EUR928 ,000 in Q1 2010 6 May 2010 - Finnish textile and clothing design company Marimekko Oyj ( HEL : MMO1V ) said today its net profit rose to EUR928 ,000 in the first quarter of 2010 from EUR13 ,000 in the corresponding period a year earlier ."
111,1,"Finland-based Elcoteq SE , a privately held provider of electronics manufacturing services to communications companies , said Thursday it signed a long-term manufacturing supply deal with communications equipment company Andrew Corp. ."
112,1,Finnish cutlery and hand tools maker Fiskars Oyj Abp ( HEL : FISAS ) said today its net profit rose to EUR 24.1 million ( USD 33.6 m ) in the third quarter of 2010 from EUR 17.9 million a year earlier .
113,1,Finnish department store chain Stockmann Oyj Abp net profit rose to 39.8 mln euro ( $ 56.8 mln ) for the first nine months of 2007 from 37.4 mln euro ( $ 53.4 mln ) for the same period of 2006 .
114,1,"Finnish lifting equipment maker Konecranes Oyj said on July 30 , 2008 that its net profit rose to 71.2 mln euro ( $ 111.1 mln ) for the first half of 2008 from 57.1 mln euro ( $ 89.1 mln ) for the same period of 2007 ."
115,1,Finnish metal industry solutions supplier Outotec Oyj net profit rose to 50.4 mln euro ( $ 72.5 mln ) for the first nine months of 2007 from 20.1 mln euro ( $ 28.9 mln ) for the same period of 2006 .
116,1,Finnish metal products company Componenta Oyj net profit rose to 26.1 mln euro ( $ 35.9 mln ) for the first quarter of 2007 from 5.3 mln euro ( $ 7.3 mln ) for the same period of 2006 .
117,1,Finnish office supplies and computer accessories dealer Beltton-Group Plc said its net profit rose to 1.3 mln euro ( $ 1.7 mln ) in 2006 from 1.13 mln euro ( $ 1.5 mln ) in 2005 .
118,1,"Finnish security and privacy software solutions developer Stonesoft Oyj said on January 7 , 2008 that the preliminary sales of its StoneGate products grew by 59 pct year-on-year to 3.6 mln euro ( $ 5.3 mln ) for the fourth quarter of 2007 ."
119,1,"Finnish silicon wafer technology company Okmetic Oyj ( OMX Helsinki : OKM1V ) reported on Thursday ( 7 August ) an operating profit of EUR5 .3 m for the period January-June 2008 , up from EUR3 .3 m in the corresponding period in 2007 ."
120,1,Finnish software developer Done Solutions Oyj said its net profit increased to 3.5 mln euro ( $ 4.6 mln ) in 2006 from 2.3 mln euro ( $ 3.0 mln ) in 2005 .
121,1,First quarter underlying operating profit rose to 41 mln eur from 33 mln a year earlier .
122,1,"For the first nine months of 2010 , the company 's net profit rose to EUR41m from EUR30m for the corresponding period of 2009 ."
123,1,"HELSINKI ( AFX ) - Retail and wholesale group Kesko reported net sales of 659.4 mln eur for February , an increase of 10.8 pct year-on-year ."
124,1,"However , net sales in 2010 are seen to have grown to EUR598 .3 m from EUR582 .3 m in 2009 ."
125,1,"However , sales returned to growth in April-June 2010 , CEO Pekka Eloholma said ."
126,1,"Ragutis , which is controlled by the Finnish brewery , reported a 5.4-per-cent rise in beer sales to 10.44 million litres and held an 11.09-per-cent market share ."
127,1,"Svyturys-Utenos Alus , which is controlled by the Nordic group Baltic Beverages Holding ( BBH ) , posted a 4.7-per-cent growth in beer sales for January-May to 46.22 million litres ."
128,1,"In December alone , the members of the Lithuanian Brewers ' Association sold a total of 20.3 million liters of beer , an increase of 1.9 percent from the sales of 19.92 million liters in December 2004 ."
129,1,"In January-September 2009 , the Group 's net interest income increased to EUR 112.4 mn from EUR 74.3 mn in January-September 2008 ."
130,1,"In Q1 of 2010 , Bank of +àland 's net interest income increased from EUR 9.1 mn to EUR 9.7 mn ."
131,1,"In Sweden , operating profit for the period under review totaled EUR 3.4 mn , up 30.8 % from the corresponding period in 2005 ."
132,1,"In the fourth quarter of 2009 , Orion 's net profit went up by 33.8 % year-on-year to EUR33m ."
133,1,"In the second quarter of 2010 , the group 's net profit rose to EUR 3.1 million from EUR 2.5 million in April-June 2009 ."
134,1,"In the second quarter of 2010 , the group 's net profit rose to EUR3 .1 m from EUR2 .5 m in April-June 2009 ."
135,1,"In the third quarter , net sales increased by 12 % year-on-year to EUR 159.5 million , or by 6 % at comparable currency rates growth ."
136,1,"In the third quarter , net sales increased by 12 % year-on-year to EUR159 .5 m , or by 6 % at comparable currency rates growth ."
137,1,Its market share widened to 48.51 percent from 48.31 percent a year earlier .
138,1,"Kesko Agro Eesti , the retailer and wholesaler of grain , agricultural and warehousing machinery and accessories , had net sales of 81 million euros in 2007 , an increase by one-tenth over the preceding year ."
139,1,"Kesko 's car import and retailing business , VV-Auto , saw sales grow by 17.1 pct ."
140,1,Kone 's net sales rose by some 14 % year-on-year in the first nine months of 2008 .
141,1,"( ADP News ) - Feb 11 , 2009 - Finnish management software solutions provider Ixonos Oyj ( HEL : XNS1V ) said today its net profit rose to EUR 3.5 million ( USD 4.5 m ) for 2008 from EUR 3.1 million for 2007 ."
142,1,"( ADP News ) - Feb 12 , 2009 - Finnish IT solutions provider Affecto Oyj ( HEL : AFE1V ) said today its net profit rose to EUR 8.5 million ( USD 11m ) in 2008 from EUR 7 million in 2007 ."
143,1,"( ADP News ) - Feb 6 , 2009 - Finnish fishing tackle company Rapala VMC Corp ( HEL : RAP1V ) said today its net profit rose to EUR 19.2 million ( USD 24.6 m ) for 2008 from EUR 17.5 million for 2007 ."
144,1,"( ADP News ) - Nov 5 , 2008 - Finnish electronic measurement products and solutions maker Vaisala Oyj ( OMX : VAIAS ) said today that its net profit rose to EUR 18 million ( USD 23.1 m ) for the first nine months of 2008 from EUR 1"
145,1,"( ADP News ) - Oct 29 , 2008 - Finnish lifting equipment maker Konecranes Oyj ( OMX : KCR1V ) said today that its net profit rose to EUR 116.6 million ( USD 149.1 m ) in the first nine months of 2008 from EUR 73.6 million for the s"
146,1,"Metso expects its net sales to increase by about 10 % in 2008 , at comparable exchange rates ."
147,1,Net interest income increased by 4.5 % to EUR 31.4 mn from EUR 30.0 mn in 2004 .
148,1,"Net interest income was EUR 152.2 mn , up from EUR 101.0 mn in 2008 ."
149,1,"Net interest income was EUR 39.3 mn , up from EUR 32.7 mn ."
150,1,Net sales of the Vegetable Oil Business rose to EUR 10.6 mn from EUR 10.1 mn .
151,1,"Nokia Multimedia 's net sales totaled EUR 5.7 bn , up 45 % from the corresponding period in 2005 ."
152,1,Operating income rose to EUR 696.4 mn from EUR 600.3 mn in 2009 .
153,1,"Operating profit of Kauppalehti group rose to EUR 1.5 mn from EUR 1.3 mn , and that of Marketplaces to EUR 1.3 mn from EUR 1.0 mn in the third quarter of 2006 ."
154,1,Operating profit rose from EUR 1.94 mn to EUR 2.45 mn .
155,1,Operating profit rose to 22.1 mln eur from 19.9 mln .
156,1,Operating profit rose to EUR 1.6 mn from EUR 1.1 mn in the corresponding period in 2006 .
157,1,Operating profit rose to EUR 103.4 mn from EUR 23.2 in the corresponding period in 2006 .
158,1,Operating profit rose to EUR 13.5 mn from EUR 9.7 mn in the corresponding period in 2006 .
159,1,Operating profit rose to EUR 26.7 mn from EUR 14.9 mn in the corresponding period in 2006 .
160,1,Operating profit rose to EUR 27.8 mn from EUR 17.5 mn in 2008 .
161,1,Operating profit rose to EUR 3.2 mn from EUR 1.0 mn in the corresponding period in 2008 .
162,1,Operating profit rose to EUR 4.7 mn from EUR 3.6 mn .
163,1,Operating profit rose to EUR 4.7 mn from EUR 4.6 mn .
164,1,Operating profit rose to EUR 9.2 mn from EUR 6.8 mn in the corresponding period in 2007 .
165,1,Operating profit rose to EUR2 .4 m from EUR1 .6 m year earlier .
166,1,"Operating profit surged to EUR21m from EUR106 ,000 ."
167,1,"Operating profit totaled EUR 37,7 mn , up slightly from EUR 37.2 mn in the corresponding period in 2006 ."
168,1,"Operating profit totaled EUR 5.5 mn , up from EUR -0.7 mn ."
169,1,"Operating profit was EUR 11.4 mn , up from EUR 7.5 mn ."
170,1,"Operating profit was EUR 139.7 mn , up 23 % from EUR 113.8 mn ."
171,1,"Order intake grew by 40 % year-on-year and 30 % year-on-year , respectively , to EUR 576 million and EUR 1.7 billion for the respective January-September and July-September 2010 periods ."
172,1,Orders received grew by 55 % year-on-year to EUR732m .
173,1,Orion Pharma 's operating profit increased by 42.5 % from 2004 .
174,1,Passenger volumes rose by 8.4 % in the accounting period .
175,1,Passenger-related revenue rose by 5.1 % to EUR 460.8 mn from EUR 438.5 mn in 2009 .
176,1,Pretax profit rose to EUR 0.6 mn from EUR 0.4 mn in the corresponding period in 2005 .
177,1,"Pretax profit rose to EUR 1,019 mn from EUR 1,007 in the corresponding period in 2005 ."
178,1,Pretax profit rose to EUR 17.8 mn from EUR 14.9 mn in 2005 .
179,1,"Pre-tax profit totaled EUR 397.4 mn , up from EUR 164.7 mn ."
180,1,"Profit for the period totaled EUR 39.4 mn , up from EUR 33.9 mn in the corresponding period in 2006 ."
181,1,"Profit for the period was EUR 5.9 mn , up from EUR 1.3 mn ."
182,1,"Profit for the period was EUR 9.8 mn , up from EUR 6.0 mn in 2004 ."
183,1,Revenue grew 12 percent to ( x20ac ) 3.6 billion ( US$ 4.5 billion ) .
184,1,"Revenue in July to September grew 14 percent to ( EURO ) 467 million from a year earlier , the company said Thursday ."
185,1,Revenues at the same time grew 14 percent to 43 million euros .
186,1,"Sales in Latin America increased by 42 % to EUR 432mn , and a total of 8.7 mn mobile devices were sold in the area , representing an increase of 32 % from the corresponding period in 2009 ."
187,1,Sanoma Magazines Finland 's net sales grew to EUR 140.1 mn from EUR 131.8 mn .
188,1,"Satama 's net profit for the third quarter of 2007 rose to 275,000 euro ( $ 395,000 ) from 270,000 euro ( $ 388,000 ) for the same period of 2006 ."
189,1,"Section : Regional News - The demand in Finnair 's Asian traffic , measured in passenger kilometers , was up 34.9 % in August compare to last year ."
190,1,"Svyturys-Utenos Alus , which is controlled by the Nordic group Baltic Beverages Holding ( BBH ) , posted a 6.1 percent growth in beer sales for January-September to 101.99 million liters ."
191,1,That would be an increase from estimated sales of 117 million last year .
192,1,"The chain posted sales of 298 million euros for full 2005 , a rise of 19.5 percent , year-on-year ."
193,1,The company expects its net sales in 2008 to increase 5-10 % from 2007 .
194,1,"The company 's operating income ( EBIT ) totalled EUR 0.0 mn , up from EUR -0.3 mn year-on-year ."
195,1,The EPS outlook was increased by 5.6 pct for 2007 and 7.0 pct for 2008 .
196,1,"The fair value of the investment properties totaled EUR 2,534.9 mn , up from EUR 2,455.1 mn in 2006 ."
197,1,"The Finnish government announced Wednesday that it sold a 32 percent stake in chemicals and fertilizer group Kemira Oyj for ( x20ac ) 655.6 million ( $ 890US million ) , sending the company 's share price up 6 percent ."
198,1,"The Helsinki-based company , which also owns the Salomon , Atomic and Suunto brands , said net profit rose 15 percent in the three months through Dec. 31 to ( x20ac ) 47 million ( $ 61US million ) , from ( x20ac ) 40.8 million a year earlier ."
199,1,The operating profit for Grain Trading increased to EUR 2.0 mn from EUR 1.4 mn in 2005 .
200,1,The stock rose for a second day on Wednesday bringing its two-day rise to GBX12 .0 or 2.0 % .
201,1,The stock rose for a third day on Tuesday bringing its three-day rise to GBX10 .50 or 1.8 % .
202,1,The transactions would increase earnings per share in the first quarter by some EUR0 .28 .
203,1,Total operating revenue grew by 27.6 % year-on-year to EUR61m .
204,1,Vacon 's cash flow from operations grew to EUR 37.1 mn from EUR 21.9 mn a year ago .
205,1,"`` BasWare 's product sales grew strongly in the financial period , by 24 percent ."
206,1,1 February 2011 - Finnish textile and clothing company Marimekko Oyj HEL : MMO1V said today its preliminary operating profit grew to EUR8 .2 m in 2010 from EUR6 .3 m in 2009 .
207,1,Affecto expects its net sales for the whole 2010 to increase from the 2009 level when they reached EUR 103 million .
208,1,Cash flow from operations rose to EUR 52.7 mn from EUR 15.6 mn in 2007 .
209,1,Commission income rose by 25.7 % to EUR 16.1 mn from EUR 12.8 mn in 2004 .
210,1,"Earnings per share for January-June 2010 were EUR0 .30 , an increase of 20 % year-on-year EUR0 .25 ."
211,1,Earnings per share EPS rose to EUR 0.11 from EUR 0.03 .
212,1,"Elisa said mobile subscriptions grew 7 percent during 2007 , mainly because of customers adopting so-called third generation mobile technology ."
213,1,"EPS for the quarter came in at 0.36 eur , up from 0.33 eur a year ago and ahead of forecast of 0.33 eur ."
214,1,EPS grew to 0.04 eur from 0.02 eur .
215,1,Exports grew 16.5 percent to 19.1 million liters .
216,1,"Finnish investment group Panostaja Oyj said its net profit went up to 8.6 mln euro $ 11.4 mln in fiscal 2005-06 , ended October 31 , 2006 , from 2.8 mln euro $ 3.7 mln in the same period of fiscal 2004-05 ."
217,1,Finnish metal components supplier Componenta Oyj said its net profit went up to 3.5 mln euro $ 4.5 mln in 2006 from 2.2 mln euro $ 2.8 mln in 2005 .
218,1,"Finnish silicon wafer technology company Okmetic Oyj OMX Helsinki : OKM1V reported on Thursday 30 October an operating profit of EUR7 .4 m for January-September 2008 , up from EUR6 .1 m in the corresponding period in 2007 ."
219,1,"Fiskars Brands report net sales of EUR 145.8 mn , up from EUR 138.4 mn ."
220,1,"However , the proportion of the paid standing orders grew in 2009 ."
221,1,"In January-September 2007 , the group 's net sales from continuing operations rose to EUR 213.1 mn from EUR 172.6 mn in the corresponding period in 2006 ."
222,1,"In July-September 2008 , YIT 's net sales increased to EUR 970.8 mn , compared to EUR 906.8 mn in the corresponding period in 2007 ."
223,1,"In the reporting period , net sales rose by 8 % year-on-year to EUR64 .3 m , due to the business acquisitions realized during the first half of 2008-09 , the effect of which was EUR10 .9 m in the review period ."
224,1,"In the reporting period , the company 's operating profit grew by 43.2 % to EUR 6 million ."
225,1,Last year 's net sales rose to EUR 68.3 million from EUR 62.2 million .
226,1,"Last year the company raised its turnover to approximately 7 million litas EUR 2 mln , from 6.1 million litas in 2004 ."
227,1,Marimekko Group 's full-year net sales are estimated to increase by about 10 % .
228,1,Net sales surged by 30 % to EUR 36 million .
229,1,"Nevertheless , its market share rose to 49.14 percent from 48.51 percent a year earlier ."
230,1,"October-December sales were 302 mln eur , or a 25.3 pct increase year on year ."
231,1,"Olvi , which controls a 94 percent stake in Ragutis through A. Le Coq , said in its annual report published earlier this year that the Lithuanian brewery 's sales reached 15.04 million euros last year , a rise of 20.4 percent from 12.49 million euros in 2004 ."
232,1,Olvi expects sales and market share to increase in the first quarter of 2010 .
233,1,Operating profit increased to EUR 14.0 mn from EUR 4.9 mn in the corresponding period in 2005 .
234,1,Operating profit of the Asian plants grew markedly .
235,1,"Operating profit totaled EUR 825mn , up from EUR 763mn in 2004 ."
236,1,"Operating profit totalled EUR 83.0 mn , up from EUR 23.5 mn year-on-year ."
237,1,Production capacity will increase from 36 000 to 85 000 tonnes per year and the raw material will continue to be recycled paper and board .
238,1,Profit for the period increased from EUR 2.9 mn to EUR 10.5 mn .
239,1,"Profit per share was EUR 1.03 , up from EUR 0.87 ."
240,1,Return on capital employed rose by 4.8 percentage points to 19.6 % .
241,1,"Revenue from July to September grew 21 percent to EURO 2.3 billion , the Finnish company said Thursday ."
242,1,Revenue grew 1 percent to euro742 .2 million US$ 964 million from euro735 million .
243,1,Ruukki 's order book at the end of 2010 was 30 % up year-on-year and 10 % up quarter-on-quarter .
244,1,Sales in Finland rose by 3.9 % and international growth was 0.7 % .
245,1,Sales of security and system packaging increased slightly .
246,1,Stora Enso 's third-quarter pre-tax profit doubled to EUR 197mn .
247,1,The company 's market share is continued to increase further .
248,1,"The company 's scheduled traffic , measured in revenue passenger kilometres RPK , grew by just over 2 % and nearly 3 % more passengers were carried on scheduled flights than in February 2009 ."
249,1,"The disposal of Autotank will also strengthen Aspo 's capital structure , '' commented Gustav Nyberg , CEO of Aspo ."
250,1,"The earnings per share for the quarter came in at 0.25 eur , up from the 0.20 eur of the same quarter a year earlier ."
251,1,The economic occupancy rate of Sponda 's property portfolio rose to 91.2 % from 88.8 % in 2006 .
252,1,The group 's 12-month operating profit grew 31 percent to 337.8 million euros .
253,1,The growth of net sales in the first half of 2008 has been 28 % compared with the first half of 2007 .
254,1,The pretax profit of the group 's life insurance business increased to EUR 36 million from EUR 27 million .
255,1,The pretax profit of the group 's life insurance business increased to EUR36m from EUR27m .
256,1,"The total delivery volume of paper businesses in 2010 was 1,155,000 tonnes , up from 1,132,000 tonnes in 2009 ."
257,1,The value of the firm 's forestry holdings increased by SEK 3.6 bn .
258,1,Turnover rose to EUR21m from EUR17m .
259,1,"HELSINKI ( AFX ) - Nokian Tyres reported a fourth quarter pretax profit of 61.5 mln eur , up from 48.6 mln on the back of strong sales ."
260,1,"Kalnapilio-Tauro Grupe ( Kalnapilis-Tauras Group ) , which is owned by Denmark 's Royal Unibrew , raised its market share to 25.18 percent from 23.74 percent , as beer sales for the seven months jumped by 14.5 percent to 40.5 million liters ."
261,1,The company now estimates its net sales in 2010 to increase considerably from 2009 and its operating result to be clearly positive.
262,1,"Uponor made an operating profit of EUR 151.0 mn , up from EUR 143.7 mn , which made 2007 a record year ."
263,1,"Basware Corporation stock exchange release August 31 , 2010 at 16:25 Basware signed a large deal with an international industrial group Basware will deliver Invoice Automation solution and Connectivity Services to an international industrial group ."
264,1,It estimates the operating profit to further improve from the third quarter .
265,1,Ruukki forecast a 15-20 % annual sales growth and a positive pretax result for 2010 .
266,1,Sales rose 10 pct to 566 mln eur on the back of strong volume and favourable currency effects .
267,1,The growth of net sales has continued favourably in the Middle East and Africaand in Asia Pacific .
268,1,With this appointment Kaupthing Bank aims to further co-ordinate Capital Markets activities within the Group and to improve the overall service to clients .
269,1,"Theodosopoulos said Tellabs could be of value to Nokia Siemens or Nortel given its `` leading supply status '' with Verizon , along with high-growth products ."
270,1,"We succeeded in increasing our market share of sold apartment '' , comments Mr Kari Kauniskangas , Head of YIT International Construction Services ."
271,1,"With CapMan as a partner , we will be able to further develop our business and continue to focus on providing quality restaurant services for our customers , '' says Christopher Wynne , CEO of Papa John 's Russia ."
272,1,"Finnish Suominen Corporation that specialises in wet wipes , nonwovens , and flexible packaging reports net sales of EUR 44.1 mn in the second quarter of 2010 , up from EUR 43.3 mn in the second quarter of 2009 ."
273,1,"Finnish telecoms software developer Tecnomen Oyj said on December 5 , 2006 it won a $ 3.3 mln ( 2.5 mln euro ) order to supply an expansion of the charging and messaging systems for the mobile and fixed networks of Brasil Telecom ."
274,0,"Jan. 6 -- Ford is struggling in the face of slowing truck and SUV sales and a surfeit of up-to-date , gotta-have cars ."
275,0,Pharmaceuticals group Orion Corp reported a fall in its third-quarter earnings that were hit by larger expenditures on R&D and marketing .
276,0,"However , the growth margin slowed down due to the financial crisis ."
277,0,"2009 3 February 2010 - Finland-based steel maker Rautaruukki Oyj ( HEL : RTRKS ) , or Ruukki , said today it slipped to a larger-than-expected pretax loss of EUR46m in the fourth quarter of 2009 from a year-earlier profit of EUR45m ."
278,0,"( ADPnews ) - Feb 3 , 2010 - Finland-based steel maker Rautaruukki Oyj ( HEL : RTRKS ) , or Ruukki , said today it slipped to a larger-than-expected pretax loss of EUR 46 million ( USD 64.5 m ) in the fourth quarter of 2009 from a"
279,0,"Result before taxes decreased to nearly EUR 14.5 mn , compared to nearly EUR 20mn in the previous accounting period ."
280,0,The company slipped to an operating loss of EUR 2.6 million from a profit of EUR 1.3 million .
281,0,23 April 2010 - Finnish construction and engineering company Outotec Oyj HEL : OTE1V said today it slipped to a net loss of EUR7 .3 m in the first quarter of 2010 from a net profit of EUR12 .5 m in the corresponding period last year .
282,0,Cramo slipped to a pretax loss of EUR 6.7 million from a pretax profit of EUR 58.9 million .
283,0,"Finnish IT solutions provider Affecto Oyj HEL : AFE1V said today its slipped to a net loss of EUR 115,000 USD 152,000 in the second quarter of 2010 from a profit of EUR 845,000 in the corresponding period a year earlier ."
284,0,"In 2009 , Comptel slipped to a net loss of EUR2 .1 m from a profit of EUR6 .6 m in the previous year ."
285,0,"In Q2 of 2009 , profit before taxes amounted to EUR 13.6 mn , down from EUR 26.8 mn in Q2 of 2008 ."
286,0,"ADPnews - Feb 5 , 2010 - Finnish real estate investor Sponda Oyj HEL : SDA1V said today that it slipped to a net loss of EUR 81.5 million USD 11.8 m in 2009 from a profit of EUR 29.3 million in 2008 ."
287,0,"ADPnews - Jul 17 , 2009 - Finland-based steel maker Rautaruukki Oyj Ruukki HEL : RTRKS said today it slipped to a net loss of EUR 184 million USD 259.7 m for the first half of 2009 from a net profit of EUR 2"
288,0,"Profit before taxes amounted to EUR 56.5 mn , down from EUR 232.9 mn a year ago ."
289,0,"Profit before taxes decreased by 9 % to EUR 187.8 mn in the first nine months of 2008 , compared to EUR 207.1 mn a year earlier ."
290,0,Profit before taxes decreased to EUR 31.6 mn from EUR 50.0 mn the year before .
291,0,"Profit before taxes was EUR 4.0 mn , down from EUR 4.9 mn ."
292,0,"The company 's profit before taxes fell to EUR 21.1 mn in the third quarter of 2008 , compared to EUR 35.8 mn in the corresponding period in 2007 ."
293,0,11 August 2010 - Finnish measuring equipment maker Vaisala Oyj HEL : VAIAS said today that its net loss widened to EUR4 .8 m in the first half of 2010 from EUR2 .3 m in the corresponding period a year earlier .
294,0,"Finnish power supply solutions and systems provider Efore Oyj said its net loss widened to 3.2 mln euro $ 4.2 mln for the first quarter of fiscal 2006-2007 ending October 31 , 2007 from 900,000 euro $ 1.2 mln for the same period of fiscal 2005-06 ."
295,0,"ADP News - Apr 22 , 2009 - Finnish business information systems developer Solteq Oyj HEL : STQ1V said today its net loss widened to EUR 189,000 USD 245,000 for the first quarter of 2009 from EUR 10,000 for the same peri"
296,0,Salonen added that data shows producers ' pulp inventories in North America are declining . '
297,0,The Elcoteq group recently announced that the last three months of the previous year brought to it a major loss of more than half a billion kroons ( EUR 32 mln ) for the fifth quarter running .
298,0,Cash Flow from Operations for the most recent quarter also reached a eight year low .
299,0,"At this growth rate , paying off the national debt will be extremely painful ."
300,0,"Net sales of Finnish Sanoma Learning & Literature , of Finnish media group Sanoma , decreased by 3.6 % in January-June 2009 totalling EUR 162.8 mn , down from EUR 168.8 mn in the corresponding period in 2008 ."
301,0,"JP Morgan expects that Scala will lower Nobel Biocare 's growth forecast for 2007 from the current guidance of 23-25 pct , as well as the operating margin target from the current 34-35 pct ."
302,0,"Furthermore , sales of new passenger cars and light commercial vehicles in the country declined by 5.4 % year-on-year last month ."
303,0,"Profitability ( EBIT % ) was 13.6 % , compared to 14.3 % in Q2 2009 ."
304,0,Sales of mid-strength beer decreased by 40 % .
305,0,"Shares in Royal and Sun Alliance continued to slide back from a 12-month high of 172p last month , after a potential suitor ruled itself out of a takeover bid ."
306,0,"Managing Director 's comments : `` Net sales for the first quarter were notably lower than a year before , especially in Finland , Russia and the Baltic countries ."
307,0,"ADP News - Feb 13 , 2009 - Finnish retailer Kesko Oyj HEL : KESBV said today its total sales , excluding value added tax VAT , stood at EUR 661.3 million USD 853.1 m in January 2009 , down 15.2 % year-on-yea"
308,0,"In the third quarter of fiscal 2008 Efore swung to a net loss of EUR 400,000 versus a net profit of EUR 200,000 for the corresponding period of fiscal 2007 ."
309,0,"Konecranes Oyj KCR1V FH fell 5.5 percent to 20.51 euros , the biggest fall since June ."
310,0,Operating loss totaled EUR 25mn compared to a profit of EUR 63mn in the corresponding period in 2005 .
311,0,"Production levels have been agreed with producers a long time ago , so a fall in consumption will lead to losses ."
312,0,Return on investment ROI was 4.1 % compared to 43.8 % in the first half of 2008 .
313,0,"A total of 16.5 mn passenger ship journeys took place in the northern Baltic Sea in 2007 , slightly down from 16.5 mn in 2006 ."
314,0,Finnish media group Talentum has issued a profit warning .
315,0,"Finnish shipping company Finnlines ' pretax loss totalled EUR 6.5 mn in the third quarter of 2009 , compared to a profit of EUR 0.3 mn in the third quarter of 2008 ."
316,0,"In Finland , the city of Forssa has said it will not pay compensation to food industry companies HK Ruokatalo and Atria for the lye leak into tap water that occurred in March 2008 ."
317,0,"Acando AB ( ACANB SS ) fell 8.9 percent to 13.35 kronor , the lowest close since Dec. 11 ."
318,0,"According to CEO Matti Perkonoja of the parent company HKScan , the company 's performance in the first quarter of 2010 has remained clearly below the level of the corresponding period in 2009 ."
319,0,Diluted earnings per share ( EPS ) stood at EUR 0.25 versus EUR 0.42 .
320,0,Finnish automation solutions developer Cencorp Corporation ( OMX Helsinki : CNC1V ) issued on Thursday ( 18 September ) a profit warning for the third quarter of 2008 .
321,0,Finnish communication electronics components supplier Scanfil Oyj Tuesday said sales in the first half of 2006 will be 15 % lower than during the same period a year ago .
322,0,Finnish technology company Raute Corporation ( OMX Helsinki : RUTAV ) issued on Tuesday ( 23 September ) a profit warning for the financial year 2008 .
323,0,"In Q1 of 2009 , the company 's operating loss totalled EUR 0.3 mn , compared to a profit of EUR 3.6 mn in Q1 of 2008 ."
324,0,"Last year , 8.3 million passengers flew the airline , down 4 percent from 2007 ."
325,0,"Loss after financial items totalled EUR 9.7 mn , compared to a profit of EUR 1.3 mn in the corresponding period in 2008 ."
326,0,Loss for the period totalled EUR 15.6 mn compared to a profit of EUR 6.3 mn in 2008 .
327,0,Operating loss amounted to EUR 0.9 mn in the first half of 2006 compared to a profit of EUR 0.5 mn in the first half of 2005 .
328,0,"Operating loss of the Pulp & Paper Machinery unit was over EUR 3mn in September 2007 - August 2008 , compared to a profit of EUR 3.7 mn a year earlier ."
329,0,Operating loss totaled EUR 0.3 mn compared to a profit of EUR 2.2 mn in the corresponding period in 2007 .
330,0,"Operating loss totaled EUR 0.8 mn , compared to a profit of EUR 0.5 mn ."
331,0,"Operating loss totalled EUR 12.7 mn , compared to a profit of EUR 17.7 mn in the first half of 2008 ."
332,0,"Operating loss totalled EUR 4.0 mn , compared to a profit of EUR 8.6 mn in the second quarter of 2008 ."
333,0,"Operating loss totalled EUR 5.2 mn , compared to a loss of EUR 3.4 mn in the corresponding period in 2008-2009 ."
334,0,Pretax loss totaled EUR 117mn compared to a loss of EUR 65mn in the corresponding period .
335,0,Pretax loss totalled EUR 162.3 mn compared to a profit of EUR 253.5 mn in 2007 .
336,0,"Pretax loss totalled EUR 49.9 mn , compared to a loss of EUR 15.4 mn in the corresponding period in 2008 ."
337,0,"Publishing Sweden 's operating loss was EUR 1.1 mn in Q1 of 2009 , compared to a profit of EUR 0.6 mn a year ago ."
338,0,The company reported today an operating loss of EUR0 .1 m on net sales of EUR4 .5 m for the first quarter 2008 .
339,0,"Cerberus Capital Management LP-backed printing paper maker NewPage Corp. has posted mixed second-quarter results , casting a cloud over its planned initial public offering ."
340,0,"Finnish electronics manufacturing services EMS company Elcoteq SE posted a net loss of 66.4 mln euro $ 91.2 mln for the first half of 2007 , compared to a net profit of 7.1 mln euro $ 9.8 mln for the same period of 2006 ."
341,0,Finnish laboratory liquid handling and diagnostic test systems developer Biohit Oyj OMX Helsinki : BIOBV issued on Tuesday 3 June a profit warning for the financial year 2008 .
342,0,Finnish retail software developer Aldata Solution Oyj reported a net loss of 11.7 mln euro $ 17.2 mln for 2007 versus a net profit of 2.5 mln euro $ 3.7 mln for 2006 .
343,0,"Finnish textiles and clothing group Marimekko Oyj posted a net profit of 7.99 mln euro $ 10.4 mln for 2006 , compared to 8.4 mln euro $ 10.9 mln for 2005 ."
344,0,"In January-June 2010 , diluted loss per share stood at EUR0 .3 versus EUR0 .1 in the first half of 2009 ."
345,0,"In October , UPM reported a third-quarter net loss of euro86 million $ 110 million compared with a net profit of euro120 million in 2007 ."
346,0,Operating loss amounted to EUR 0.7 mn compared to a profit of EUR 0.8 mn in the second quarter of 2005 .
347,0,"Operating loss before non-recurring items was EUR 0.9 mn , compared to a profit of EUR 11.5 mn in 2008 ."
348,0,"Operating profit margin was 8.3 % , compared to 11.8 % a year earlier ."
349,0,Operating profit was EUR 1.6 mn in 2005 compared to EUR 5.9 mn in 2004 .
350,0,"Operating result showed a loss of EUR 2.9 mn , while a year before , it showed a profit of EUR 0.6 mn ."
351,0,"Salcomp Oyj , the Finnish maker of mobile phone chargers , Monday posted a EUR1 .49 million loss in the second quarter compared with a 1.70 million profit in the same period the previous year ."
352,0,Scanfil has also issued a profit warning .
353,0,Scanfil issued a profit warning on 10 April 2006 .
354,0,"The operating loss amounted to EUR 0.8 mn , compared to a profit of EUR 3.9 mn a year earlier ."
355,0,The real estate company posted a net loss of +ó x201a -¼ 59.3 million +ó x201a -¼ 0.21 per share compared with a net profit of +ó x201a -¼ 31 million +ó x201a -¼ 0.11 per share for the corresponding quarter of 2007 .
356,0,"TietoEnator was down 1.13 pct to 18.38 , extending recent lows after last week 's second-quarter report , dealers said ."
357,0,`` Those uncertainties cloud the long-term outlook . ''
358,0,"20 October 2010 - Finnish environmental management company Lassila & Tikanoja Oyj HEL : LAT1V , or L&T , said Monday it expects its operating profit , excluding non-recurring items , for the whole 2010 to be slightly lower than in 2009 ."
359,0,"According to Finnish petrol station chain St1 's managing director Kim Wiio , the company was forced to make purchases with rising prices in the first half of 2008 , and now consumer prices are going down almost daily due to competition ."
360,0,Finnair said that the cancellation of flights would cause daily losses of x20ac 2.5 million US$ 3 million .
361,0,"Food sales totalled EUR 323.5 mn in October 2009 , representing a decrease of 5.5 % from October 2008 ."
362,0,"Raute reported a loss per share of EUR0 .86 for the first half of 2009 , against EPS of EUR0 .74 in the corresponding period of 2008 ."
363,0,The move was triggered by weak demand for forestry equipment and the uncertain market situation .
364,0,The situation of coated magazine printing paper will continue to be weak .
365,0,"Copper , lead and nickel also dropped ... HBOS ( HBOS ) plummeted 20 % to 70.3 pence after saying this year+ó ??"
366,0,"During the strike , Finnair estimates to incur a net loss of between EUR2m and EUR2 .5 m per day ."
367,0,Earnings per share ( EPS ) dropped to EUR 0.21 from EUR 0.31 .
368,0,"Finnair 's passenger load factor , which measures the number of sold seats as a share of all available seats , dropped by 1.3 percentage points to 76.7 % in September ."
369,0,"Frost sold shares for $ 19 million at $ 6.06-7 .12 per share , compared with Friday 's high of $ 11.33 and low of $ 10.14 ."
370,0,Glaston 's net profit for the third quarter of 2007 dropped to 2.4 mln euro ( $ 3.5 mln ) from 3.5 mln euro ( $ 5.1 mln ) for the corresponding period of 2006 .
371,0,L&T 's net profit for the whole 2010 dropped to EUR 36 million from EUR 45 million for 2009 .
372,0,"Lassila & Tikanoja 's operating profit excluding non-recurring and imputed items for the second quarter was EUR11 .3 m , down from EUR13 .8 m a year ago ."
373,0,"Net cash flow from operating activities was a negative EUR 3.1 mn , compared to EUR 23.3 mn in the corresponding period in 2009 ."
374,0,"Net cash from operating activities was a negative EUR 0.3 mn , compared to EUR 30.9 mn in 2009 ."
375,0,Net sales dropped by 6 % year-on-year to EUR 11.9 million .
376,0,Net sales have been eaten by the weak US dollar .
377,0,"Nordic banks have already had to write off sizable loans in Latvia , with Swedbank , Nordea , DnB NOR and SEB reporting combined losses in excess of $ 1.35 billion in the period 2007 to 2010 against a backdrop of near economic meltdown in Latvia ."
378,0,Okmetic expects its net sales for the first half of 2009 to be less than in 2008 .
379,0,"Operating profit , excluding non-recurring items , totaled EUR 0.2 mn , down from EUR 0.8 mn in the corresponding period in 2006 ."
380,0,"Operating profit , excluding non-recurring items , totalled EUR 1.0 mn , down from EUR 1.6 mn ."
381,0,"Operating profit , excluding non-recurring items , totalled EUR 2.2 mn , down from EUR 2.7 mn in the corresponding period in 2008 ."
382,0,"Operating profit excluding non-recurring items amounted to EUR 40.6 mn , down from EUR 57.3 mn year-on-year ."
383,0,Operating profit excluding non-recurring items was EUR 7.8 million compared to EUR 11.2 million .
384,0,Relations with the City have been further damaged by comments from Mr Ashley criticising City investors and analysts as `` cry babies '' .
385,0,Reported operating margin was a negative 5.9 % .
386,0,Swedbank 's shares have been hardest hit of the Swedish banks by the ongoing international financial crisis .
387,0,"The currency effect had a 3.0 pct , or 20 mln euro ( $ 31.3 mln ) , negative impact on the revenue ."
388,0,"The period 's sales dropped to EUR 30.6 million from EUR 38.3 million , according to the interim report , released today ."
389,0,"Therefore , the company 's 2005 result will remain weaker than that of 2004 ."
390,0,Vaisala 's net profit for the third quarter of 2007 dropped to 3.0 mln euro ( $ 4.3 mln ) from 6.8 mln euro ( $ 9.8 mln ) for the same period of 2006 .
391,0,"`` The implementation of these programs has had , and will have , negative impacts on 2006 and 2007 earnings , '' Mr Meiklejohn said ."
392,0,A survey conducted by Taloustutkimus for Sampo Life shows that companies are badly prepared to losing key staff members .
393,0,"Agricultural newspaper Maaseudun Tulevaisuus had 318,000 readers , representing a decrease of 6 % ."
394,0,"At 1411 CET , ArcelorMittal had lost 7.26 % to EUR 17.38 on Euronext Paris , coming at the lead of the blue-chip fallers ."
395,0,Cash flow from operations in January-December 2008 was a negative EUR 18.1 mn compared to EUR 39.0 mn in the corresponding period in 2007 .
396,0,EPS dropped to EUR0 .2 from EUR0 .3 .
397,0,Kone shares dropped 4.1 percent to x20ac 43 US$ 55.77 in Helsinki .
398,0,"The EU Commission said earlier it had fined ThyssenKrupp , United Technologies Corp 's Otis , Schindler AG and Kone Oyj a total of 992.3 mln eur for alleged cartel activity in the lift market going back twelve years ."
399,0,"The period 's sales dropped to EUR30 .6 m from EUR38 .3 m , according to the interim report , released today ."
400,0,"YIT lodged counter claims against Neste Oil totaling some EUR25m , primarily based on work carried out under the contract and additional costs incurred due to prolongation of the project ."
401,0,"Tallink Silja attributes the significant drop to problems with the booking system that was taken into operation in October , the sale of trailer ferry ` Sky Wind ' and the route between Stockholm and Riga , which has won passengers from the Helsinki-Stockholm route ."
402,0,"`` Adjustment to the fall in price level , in contrast , has been less effective ."
403,0,17 March 2011 - Goldman Sachs estimates that there are negative prospects for the Norwegian mobile operations of Norway 's Telenor ASA OSL : TEL and Sweden 's TeliaSonera AB STO : TLSN in the short term .
404,0,"Based on the first quarter result , existing order backlog and new order prospects , the company expects that full-year sales will contract by 25 % from 2008 , the gross margin will stay at a healthy level , and the operating profit margin will be lower than in 2008 due to lower sales volume ."
405,0,Finnair believes the strike will cause it daily net losses in excess of EUR 2mn due to canceled reservations and passenger re-routing .
406,0,"HELSINKI Thomson Financial - Shares closed little changed , with Cargotec and Huhtamaki dropping sharply on disappointing second-quarter reports ."
407,0,"The airline estimated that the cancellation of its flights due to the closure of European airspace , and the process of recommencing traffic , have caused a the company a loss of EUR20m , including the costs of stranded passengers ' accommodation ."
408,0,Ruukki Group calculates that it has lost EUR 4mn in the failed project .
409,0,"Samsung currently occupies third place and lost ground during the quarter , dropping by 1.8 % to an 11.1 % share overall ."
410,0,"The Baltimore Police and Fire Pension , which has about $ 1.5 billion , lost about $ 3.5 million in Madoff Ponzi scheme ."
411,0,"`` Small firms are suffering at the moment because they are likely to have money trouble , '' he added ."
412,0,"Dealers said the share was largely hit by investor disappointment about a refining margin of just 9.48 usd per barrel for the quarter and the performance of its shipping unit , which saw EBIT drop to 5 mln eur from 20 mln eur a year amid a fall in volumes and tanker rates ."
413,0,"Making matters more difficult , the company said it has been grappling with higher oil and gas prices , which have pushed up the cost of energy , raw materials and transportation ."
414,0,"The result will also be burdened by increased fixed costs associated with operations in China , and restructuring costs in Japan ."
415,0,"Earlier today , Geberit 's Finnish rival Uponor OYJ cut its full-year sales growth forecast to 6 pct from 10 pct , blaming tough conditions in Germany and the US , as well as currency factors ."
416,0,"Operating loss totalled EUR 0.9 mn , down from a profit of EUR 2.7 mn ."
417,0,"The group 's operating loss was EUR 0.8 mn , down from a profit of EUR 2.5 mn in 2004 ."
418,0,"The Finnish national carrier said net loss in April through June was euro26 million , down from a net profit of euro13 million a year earlier ."
419,0,"It generated an operating loss of EUR 96.3 mn , down from a profit of EUR 43.9 mn ."
420,0,- Net sales for the period are expected to fall well below that of last year and the result after non-recurring items is expected to be in the red .
421,0,"In Finland , the Bank of +àland reports its operating profit fell to EUR 6.1 mn in the second quarter of 2008 from EUR 7.5 mn in the second quarter of 2007 ."
422,0,"Budapest , August 10 MTI - Finnish electronics maker Elcoteq will lay off 700 workers at its plants in Pecs S Hungary at the end of September because of falling orders , communications director for Elcoteq 's local unit , Zoltan Krippl told MTI on Monday ."
423,0,Earnings per share EPS in 2005 decreased to EUR0 .66 from EUR1 .15 in 2004 .
424,0,"Finnair 's Tallinn-based subsidiary , Aero AS , carried 23,335 passengers , a decline of 60.8 % , on routes between Helsinki and the Baltic capitals and within Southern Finland ."
425,0,"ADPnews - Aug 3 , 2009 - Finnish media group Ilkka-Yhtyma Oyj HEL : ILK2S said today its net profit fell 45 % on the year to EUR 5.9 million USD 8.4 m in the first half of 2009 ."
426,0,Operating profit for 2009 lower than outlook published earlier .
427,0,Operating profit for continuing operations fell to EUR 48.3 mn from EUR 72.4 mn in the first half of 2007 .
428,0,"Revenue for the quarter totaled 27.4 billion , down 2 percent from 28.1 billion in the fourth quarter in 2008 ."
429,0,"Sampo Bank 's market share of lending was 13.6 % , down from 14.4 % in the first quarter of 2008 ."
430,0,Sanoma News ' advertising sales decreased by 22 % during the year .
431,0,Finnish Bank of +àland reports its operating profit fell to EUR 4.9 mn in the third quarter of 2007 from EUR 5.6 mn in the third quarter of 2006 .
432,0,"Finnish Bank of +àland reports operating profit of EUR 2.2 mn in the first quarter of 2010 , down from EUR 6.3 mn in the corresponding period in 2009 ."
433,0,"Finnish electronics contract manufacturer Scanfil reports net sales of EUR 241.2 mn in 2006 , down from EUR 321.6 mn in 2005 ."
434,0,"Finnish electronics contract manufacturer Scanfil reports net sales of EUR 58.9 mn in the second quarter of 2007 , down from EUR 62.4 mn a year earlier ."
435,0,"Finnish Exel Composites , a technology company that designs , manufactures , and markets composite profiles and tubes for various industrial applications , reports its net sales decreased by 0.6 % in the second quarter of 2010 to EUR 19.2 mn from EUR 19.3 mn in the corresponding period in 2009 ."
436,0,"Finnish GeoSentric 's net sales decreased to EUR 939,000 in January-March 2009 ."
437,0,"Finnish Kemira 's net sales EUR decreased to EUR 1,259.6 mn in January-June 2009 from EUR 1,425.1 mn in January-June 2008 ."
438,0,"Finnish plumbing and heating systems supplier Uponor 's net sales from continuing operations decreased by 9.4 % in 2008 to EUR 949.2 mn from EUR 1,047.4 mn in 2007 ."
439,0,"Finnish plumbing and heating systems supplier Uponor 's net sales in continuing business operations decreased to EUR 249.1 mn in July-September 2008 , compared to EUR 262.1 mn in the third quarter of 2007 ."
440,0,"Finnish Scanfil , a contract manufacturer and systems supplier for communication and industrial electronics reports net sales of EUR 108.7 mn in the first half of 2008 , down from EUR 111.1 mn a year earlier ."
441,0,"Finnish Scanfil , a systems supplier and contract manufacturer to the communications sector and the electronics industry , reports its net sales totalled EUR 94.7 mn in the first half of 2010 , down from EUR 99.5 mn in the first half of 2009 ."
442,0,"Finnish shipping company Finnlines , of the Grimaldi Group , reports its net sales decreased to EUR 241.8 mn in January-June 2009 from EUR 384.0 mn in the corresponding period in 2008 ."
443,0,"Cargo traffic fell 1 % year-on-year to 8,561 tonnes in September 2009 ."
444,0,"Cash flow after investments amounted to EUR45m , down from EUR46m ."
445,0,"Coca-Cola was the market leader of manufacturers with a market share of 36.9 % , down 2.2 % from the corresponding period in 2004-2005 ."
446,0,Comparable operating profit decreased to EUR 13.8 mn from EUR 17.1 mn in the corresponding period in 2005 .
447,0,Consolidated operating profit from continuing operations decreased by 62.3 % to EUR 51.2 mn from EUR 135.7 mn in 2007 .
448,0,Consolidated pretax profit decreased by 69.2 % to EUR 41.0 mn from EUR 133.1 mn in 2007 .
449,0,Device volume in the area decreased by 21 % to 2.7 mn units .
450,0,Diluted earnings per share ( EPS ) declined to EUR 0.78 from EUR 1.76 .
451,0,down to EUR5 .9 m H1 '09 3 August 2009 - Finnish media group Ilkka-Yhtyma Oyj ( HEL : ILK2S ) said today its net profit fell 45 % on the year to EUR5 .9 m in the first half of 2009 .
452,0,"Earnings per share ( EPS ) amounted to EUR1 .37 , down from EUR2 .30 ."
453,0,Earnings per share ( EPS ) in 2005 decreased to EUR1 .87 from EUR1 .89 in 2003 .
454,0,"Earnings per share ( EPS ) in the first half of 2007 amounted to EUR0 .29 , down from EUR0 .40 year ago ."
455,0,Finnair 's total traffic decreased by 8.7 % in terms of revenue passenger kilometres .
456,0,Finnish business software group AffectoGenimap Oyj said its net profit halved to 1.2 mln euro ( $ 1.5 mln ) in the first nine months of 2006 from 2.2 mln euro ( $ 2.8 mln ) in the same period of 2005 .
457,0,"Finnish financial software solutions developer BasWare Oyj said its net profit fell to 884,000 euro ( $ 1.2 mln ) for the first quarter of 2007 from 2.0 mln euro ( $ 2.7 mln ) a year earlier ."
458,0,Finnish glass technology company Glaston Oyj Abp net profit decreased to 2.6 mln euro ( $ 3.8 mln ) for the first nine months of 2007 from 7.8 mln euro ( $ 11.4 mln ) for the same period of 2006 .
459,0,"Finnish management software solutions provider Ixonos Oyj net profit decreased to 369,000 euro ( $ 575,000 ) for the first quarter of 2008 from 669,000 euro ( $ 1.0 mln ) for the same period of 2007 ."
460,0,Finnish media company Talentum Oyj 's net profit decreased to 2.5 mln euro ( $ 4.0 mln ) for the first quarter of 2008 from 3.0 mln euro ( $ 4.7 mln ) for the same period of 2007 .
461,0,Finnish metal products company Componenta Oyj net profit went slightly down to 25.1 mln euro ( $ 40.2 mln ) for the first half of 2008 from 25.4 mln euro ( $ 40.7 mln ) for the same period of 2007 .
462,0,"In a separate announcement to the Helsinki stock exchange , Atria revealed that the company 's third quarter profits declined from EUR13 .9 m in the third quarter of last year to EUR12 .7 m in this year 's Q3 ."
463,0,"In the fourth quarter of 2008 , net sales decreased to EUR 121.4 mn from EUR 165.5 mn in the fourth quarter of 2007 ."
464,0,"Insurer Axa ( PAR : CS ) slid by 5.35 % to EUR 14.15 , after Citigroup and ING slashed their targets on the stock ."
465,0,"( ADP News ) - Feb 11 , 2009 - Finnish wood products technology supplier Raute Oyj ( HEL : RUTAV ) said today its net profit decreased to EUR 4.7 million ( USD 6.1 m ) for 2008 from EUR 6.6 million for 2007 ."
466,0,"( ADP News ) - Feb 12 , 2009 - Finnish construction company Lemminkainen Oyj ( HEL : LEM1S ) said today its net profit decreased to EUR 63.5 million ( USD 81.1 m ) for 2008 from EUR 80.6 million for 2007 ."
467,0,"( ADP News ) - Feb 4 , 2009 - Finnish broadband data communication systems and solutions company Teleste Oyj ( HEL : TLT1V ) said today its net profit decreased to EUR 5.5 million ( USD 7.2 m ) for 2008 from EUR 9.4 million for 200"
468,0,"( ADP News ) - Jan 22 , 2009 - Finnish mobile phones maker Nokia Oyj ( OMX : NOK1V ) said today its operating profit decreased to EUR 5 billion ( USD 6.5 bn ) for 2008 from EUR 8 billion for 2007 ."
469,0,"( ADPnews ) - May 4 , 2010 - Finnish cutlery and hand tools maker Fiskars Oyj Abp ( HEL : FISAS ) said today its net profit declined to EUR 12.9 million ( USD 17m ) in the first quarter of 2010 from EUR 17 million in the correspond"
470,0,Market share decreased on the route between Helsinki in Finland and Tallinn in Estonia by 0.1 percentage points to 24.8 % .
471,0,Net profit fell by almost half to +é 5.5 million from +é 9.4 million at the end of 2007 .
472,0,"Net profit in the three months through March 31 fell to ( x20ac ) 103 million ( US$ 165 million ) from ( x20ac ) 131 million a year earlier , the Finnish company said ."
473,0,Net sales decreased to EUR 220.5 mn from EUR 470.0 mn in the corresponding period in 2009 .
474,0,Net sales decreased to EUR 91.6 mn from EUR 109mn in the corresponding period in 2005 .
475,0,Net sales fell by 33 % from the third quarter of 2008 to EUR 130.5 mn .
476,0,Net sales fell by 5 % from the previous accounting period .
477,0,"Net sales of Kyro 's main business area , Glaston Technologies , a manufacturer of glass processing machines , decreased to EUR 161.5 mn from EUR 164.1 mn in January-September 2005 ."
478,0,Operating profit fell from EUR 7.9 mn in the second quarter of 2005 to EUR 5.1 mn in the second quarter of 2006 .
479,0,Operating profit fell to EUR 15.1 mn from EUR 24.6 mn in 2006 .
480,0,Operating profit fell to EUR 23.26 mn from EUR 32.86 mn .
481,0,Operating profit fell to EUR 38.1 mn from EUR 55.3 mn in 2007 .
482,0,Operating profit fell to EUR 6.2 mn from EUR 8.5 mn in the third quarter of 2007 .
483,0,Orion 's net profit for the third quarter of 2007 decreased to 36.5 mln euro ( $ 52.1 mln ) from 40.3 mln euro ( $ 57.5 mln ) a year earlier .
484,0,Pretax profit decreased by 37 % to EUR 193.1 mn from EUR 305.6 mn .
485,0,Pretax profit decreased to EUR 33.8 mn from EUR 40.8 mn in the fourth quarter of 2005 .
486,0,"Pretax profit totaled EUR 9.0 mn , down from EUR 36.3 mn in 2007 ."
487,0,Prices and delivery volumes of broadband products decreased significantly in 2005 .
488,0,"Profit for the period totalled EUR 0.8 mn , down from EUR 1.1 mn in the corresponding period in 2008 ."
489,0,"Profit for the period totalled EUR 1.1 mn , down from EUR 1.6 mn in the third quarter of 2008 ."
490,0,Revenue in the quarter fell 8 percent to ( EURO ) 2.4 billion compared to a year earlier .
491,0,SRV lowered its net sales estimate for the whole of 2008 due to uncertainties in housing sales .
492,0,Stora Enso Oyj said its second-quarter result would fall by half compared with the same period in 2007 .
493,0,Subscription sales decreased slightly .
494,0,The company confirmed its estimate for lower revenue for the whole 2009 than the year-ago EUR93 .9 m as given in the interim report on 5 August 2009 .
495,0,The Department Store Division 's sales fell by 8.6 % to EUR 140.2 mn .
496,0,The fair value of the company 's investment properties went down to EUR 2.768 billion at the end of 2009 from EUR 2.916 billion a year earlier .
497,0,The fair value of the company 's investment properties went down to EUR2 .769 bn at the end of September 2009 from EUR2 .878 bn a year earlier .
498,0,The Group 's order portfolio decreased from EUR 42.9 mn in 9-2007 to EUR 33.3 mn in 2-2008 .
499,0,The net sales decreased to EUR 49.8 million from EUR 59.9 million .
500,0,The sales of the Tiimari segment fell by 4.0 % year-on-year to EUR3 .3 m in June 2010 .
501,0,"Finnish electronics contract manufacturer Scanfil had net sales of EUR 52.2 mn in the first quarter of 2007 , down from EUR 60.1 mn a year before ."
502,0,"Alma Media 's operating profit amounted to EUR 11.9 mn , down from EUR 15.0 mn a year earlier ."
503,0,"Commission income decreased to EUR 3.8 mn , compared to EUR 4.6 mn in the third quarter of 2007 ."
504,0,Commission income fell to EUR 4.6 mn from EUR 5.1 mn in the corresponding period in 2007 .
505,0,Export declined by 6 percent to 16.4 million liters .
506,0,"Exports of goods fell by 59 % , and imports by 16.7 % ."
507,0,Finnish developer and manufacturer of mobile phone chargers Salcomp Plc OMX Helsinki : SAL1V on Wednesday 19 November lowered its full-year net sales estimate .
508,0,Finnish investment group Norvestia Oyj said its net profit fell to 23.5 mln euro $ 30.6 mln in 2006 from 33.5 mln euro $ 43.6 mln in 2005 .
509,0,"Group EBIT for the first half was EUR13 .6 m US$ 17.8 m , falling short of the EUR22 .5 m it posted for the same period of 2009 ."
510,0,"However , the company saw its net profit for the third quarter down to EUR 1.4 million from EUR 1.5 million for the corresponding period of 2009 ."
511,0,"However , the company saw its net profit for the third quarter down to EUR1 .4 m from EUR1 .5 m for the corresponding period of 2009 ."
512,0,"However , the net sales declined to EUR 803.6 million from EUR 1.2 billion ."
513,0,"In food trade , sales amounted to EUR320 .1 m , a decline of 1.1 % ."
514,0,"In January-November 2009 , the group 's sales totalled EUR 7,801.7 mn , which was a drop of 12.6 % from the same period of 2008 ."
515,0,"In July-September 2009 , Konecranes ' sales decreased to EUR 368.7 mn from EUR 520.4 mn in July-September 2008 ."
516,0,"In sales volume , Coca-Cola 's market share has decreased by 2.2 % to 24.2 % ."
517,0,"In September alone , the market declined by 10.2 percent year-on-year to 19.28 million liters ."
518,0,"In the Baltic countries , sales fell by 40.2 % , and in Russia , by 23.2 % in terms of euros , and by 10.7 % in terms of local currency ."
519,0,"In the Baltic countries , sales fell by 42.6 % ."
520,0,"Nokia shares hit 13.21 euros on Friday , down 50 percent from the start of the year in part because of the slow introduction of touch-screen models ."
521,0,Operating profit decreased to EUR 11.2 mn from EUR 16.6 mn .
522,0,"Operating profit decreased to nearly EUR 1.7 mn , however ."
523,0,Operating profit fell to EUR 20.3 mn from EUR 74.2 mn in the second quarter of 2008 .
524,0,Operating profit in the fourth quarter fell to EUR33m from EUR39m a year earlier .
525,0,"Operating profit totaled EUR 3.8 mn , down from EUR 4.5 mn in the corresponding period in 2005 ."
526,0,"Operating profit totaled EUR 6.7 mn , down from EUR 7.2 mn in the corresponding period in 2005 ."
527,0,"Operating profit totaled EUR 9.4 mn , down from EUR 11.7 mn in 2004 ."
528,0,"Operating profit totalled EUR 1.22 mn , down from EUR 3.56 mn in the first quarter of 2008 ."
529,0,"Operating profit totalled EUR 30.2 mn , down from EUR 43.8 mn a year earlier ."
530,0,"Operating profit totalled EUR 9.0 mn , down from EUR 9.7 mn in the first half of 2008 ."
531,0,"Operating profit totalled EUR 9.6 mn , down from EUR 42.0 mn the year before ."
532,0,"Operating profit was EUR -0.1 mn , down from EUR 1.3 mn ."
533,0,"Profit for the period was EUR 10.9 mn , down from EUR 14.3 mn in 2009 ."
534,0,"Revenue was slightly down , at x20ac 495 million $ 634 million , compared to x20ac 497 million a year earlier ."
535,0,Sales by Seppala diminished by 6 per cent .
536,0,Talentum 's net sales in September were smaller than expected .
537,0,"The company 's profit totaled Ls 578,100 in H1 2007 , down 30.9 % year-on-year ."
538,0,The company said that sales in the three months to the end of March slid to EUR86 .4 m US$ 113.4 m from EUR91 .2 m last year .
539,0,The operating margin came down to 2.4 % from 5.7 % .
540,0,The operating margin of Aker Yards Cruise & Ferries division went down from 8.3 % to 6.4 % in the first quarter of 2007 .
541,0,The total capital of funds managed by the bank decreased by 28 % to EUR 284mn by the end of September 2008 .
542,0,UPM stock fell 3 percent to EURO 12.49 $ 17.24 in early afternoon trading in Helsinki .
543,0,"YIT 's Baltic sales in the first three quarters of 2008 totaled 106.2 million euros , representing a drop of 29 percent year on year ."
544,0,"- Demand for fireplace products was lower than expected , especially in Germany ."
545,0,"However , the orders received during the period under review fell by 17 % quarter-on-quarter from the EUR 213 million recorded in the second quarter of 2010 ."
546,0,"The announcement pushed Freenet shares down 6.3 % , or EUR0 .71 , in Frankfurt trade to EUR10 .65 as investors gave up hope United Internet AG and Drillisch would pursue their own takeover and breakup of Freenet ."
547,0,"According to the company , in addition to normal seasonal fluctuation the market situation has weakened during autumn 2008 ."
548,0,"Changes in the market situation and tougher price competition have substantially reduced demand for bread packaging manufactured at the Kauhava plant , according to the company ."
549,0,"In the building and home improvement trade , sales decreased by 6.3 % , totalling EUR 154.1 mn ."
550,0,"In the building and home improvement trade , net sales totalled EUR 1,173 mn , down from EUR 1,566 mn a year earlier ."
551,0,"In the building and home improvement trade , sales decreased by 22.5 % to EUR 201.4 mn ."
552,0,"Finnish Suominen Corporation that makes wipes , nonwovens , and flexible packaging , expects changes in the market situation to reduce sales of Suominen 's nonwovens and wet wipes from the previously estimated volumes ."
553,0,The net sales of the whole fiscal year 2008 will be lower than in 2007 and operating profit is estimated to be negative.
554,0,Sales at the unit slumped last year after the industry was hit by poor snowfall in the major resorts in the winter of 2006-07 .
555,0,"The steelmaker said that the drop in profit was explained by the continuing economic uncertainty , mixed with the current drought in bank lending , resulting in a decline in demand for its products as customers find it increasingly difficult to fund operations ."
556,0,"UPM-Kymmene Corp. , the world 's largest maker of magazine paper , on Tuesday reported a 19-percent profit drop as lower paper prices , higher costs and a strong euro hurt revenue ."
557,0,Finnish meat company Atria can no longer promise a sufficient amount of domestic beef to its customers .
558,0,`` Capital expenditure on energy efficiency has unfortunately fallen along with the decline in the economy .
559,0,"Due to the rapid decrease in net sales , personnel reductions have been carried out on a wider scale than initially expected ."
560,0,Finnish waste management and cleaning group Lassila & Tikanoja Oyj ( L&T ) net profit went down to 32.2 mln euro ( $ 47.7 mln ) for 2007 from 35.3 mln euro ( $ 52.3 mln ) for 2006 .
561,0,"Qualcomm estimated a first-quarter profit between 46 and 50 cents a share , excluding certain items , below the analyst estimate of 61 cents a share ."
562,0,"Operating margin , however , slipped to 14.4 % from 15.1 % , dragged down by a poor performance in enterprise solutions ."
563,0,"External net sales from the printing business fell by 43.7 % , partly due to the termination of the printing contract between Ilkka-Yhtyma 's printing house I-print Oy and sector player HSS Media AB in December 2009 and the fall in printing prices ."
564,0,"Seven-month sales of Ragutis , which is controlled by the Finnish brewery Olvi , declined by 11.2 percent , to 15.41 million liters , and the company held 9.89 percent of the market ."
565,0,"The OMX Helsinki index was down 0.34 pct at 8,256.02 on turnover of 813.191 mln eur ."
566,0,Repeats sees 2008 operating profit down y-y ( Reporting by Helsinki Newsroom ) Keywords : TECNOMEN-RESULTS
567,0,"Comparable operating profit totaled EUR 4.7 mn , down from EUR 5.1 mn in the corresponding period in 2005 , representing 7.4 % of net sales ."
568,0,"In Finland 's Hobby Hall 's sales decreased by 10 % , and international sales fell by 19 % ."
569,0,"In the Baltic states the company reports net sales of EUR 11.9 mn , down from EUR 14.2 mn , and an operative EBIT of EUR -2.2 mn , down from EUR -1.7 mn ."
570,0,"Operating profits in the half were 0.8 m , down from 0.9 m as Glisten invested in the brand and the management team ."
571,0,"Sales in Finland decreased by 2.0 % , and international sales decreased by 9.3 % in terms of euros , and by 15.1 % in terms of local currencies ."
572,0,"Operating result for the 12-month period decreased from the profit of EUR0 .4 m while turnover decreased from EUR5 .6 m , as compared to 2004 ."
573,0,"HELSINKI Thomson Financial - Shares in Cargotec fell sharply in early afternoon trade after the cargo handling group posted a surprise drop in April-June profits , which overshadowed the large number of new orders received during the three months ."
574,0,LONDON MarketWatch -- Share prices ended lower in London Monday as a rebound in bank stocks failed to offset broader weakness for the FTSE 100 .
575,0,"Operating profit fell to EUR 35.4 mn from EUR 68.8 mn in 2007 , including vessel sales gain of EUR 12.3 mn ."
576,0,"Sales in Finland decreased by 10.5 % in January , while sales outside Finland dropped by 17 % ."
577,1,Technical indicators for the stock are bullish and S&P gives NOK a positive 4 STARS out of 5 buy ranking .
578,1,"The restructuring creates a more efficient organization with increased operational focus and stable profitability , and leads to more efficient production , said Bo Annvik , head of Specialty Stainless ."
579,1,"`` We 're delighted with the move '' says Morna Cowie , co-owner , above , `` it 's double the size of our current shop and has a lovely feel to it . ''"
580,1,"`` After a long , unprofitable period the Food Division posted a profitable result , which speaks of a healthier cost structure and a new approach in business operations , '' Rihko said ."
581,1,Earnings per share were higher at 0.48 against 0.37 a year before and ahead of market consensus of 0.40 eur .
582,1,"29 September , 2010 Finnish waste management and recycling company Lassila & Tikanoja expands its operations in Russia by introducing its recently completed recycling plant in the city of Dubna near Moscow ."
583,1,"Key shareholders of Finnish IT services provider TietoEnator Oyj on Friday rejected a hostile EUR1 .08 billion $ 1.67 billion offer from buyout shop Nordic Capital , giving new life to a possible counter offer from Blackstone Group LP and Norwegian telecom Telenor ASA ."
584,1,"As part of the transaction , M-real and Sappi have also signed a long-term agreement on the supply of pulp and BCTMP and other smaller services and supplies ."
585,1,`` I am extremely delighted with this project and the continuation of cooperation with Viking Line .
586,1,"Danske Bank A-S DANSKE DC jumped 3.7 percent to 133.4 kroner , rebounding from yesterday s 3.5 percent slide ."
587,1,"Cash flow from operations totalled EUR 7.4 mn , compared to a negative EUR 68.6 mn in the second quarter of 2008 ."
588,1,"EBIT excluding non-recurring items , totalled EUR 67.8 mn , up from EUR 38.1 mn ."
589,1,"Finnish energy company Fortum Oyj said on November 13 , 2007 it was granted an environmental permit to build a biofuel-fired combined heat and power CHP plant in Vartan harbor in eastern Stockholm ."
590,1,Nokia was up 0.12 pct to 16.70 eur after kicking off the morning in negative territory .
591,1,"Return on investment was 5.0 % , compared to a negative 4.1 % in 2009 ."
592,1,"Thus the method will cut working costs , and will fasten the planning and building processes ."
593,1,"` The stable outlook reflects Nokia 's strong market position in the global mobile handset market , strong cash flow generation , and very conservative balance sheet , ' said Raab ."
594,1,"These financing arrangements will enable the company to ensure , in line with its treasury policy , that it has sufficient financial instruments at its disposal for its potential capital requirements ."
595,1,"efficiency improvement measures 20 January 2010 - Finnish stationery and gift retailer Tiimari HEL : TII1V said today that it will continue to improve its operational efficiency , by focusing on its profitable core operations ."
596,1,Efore 's results for the last quarter showed an even faster improvement as the company managed to better source its components .
597,1,This new partnership agreement represents a significant milestone for both parties .
598,1,"Tiimari Latvian representative Ineta Zaharova said that the company earned LVL 122,000 in 2005 profit , which is 20 times more that in 2004 ."
599,1,Operating profit excluding restructuring costs grew to EUR 44.5 million from EUR 31.7 million while operating profit including restructuring costs showed even larger growth to EUR 38.5 million from EUR 7.4 million .
600,1,"Having a China based operation will not only enable us to fully leverage our resources and expertise in wireless solutions , but also strengthen our capability to offer industry-leading products for our customers in China . ''"
601,1,"Cost cutting measures , which have produced around EUR70m of savings over the past nine months , have dampened the airline 's loss , Finnair said ."
602,1,"Consolidated operating profit excluding one-off items was EUR 30.6 mn , up from EUR 29.6 mn a year earlier ."
603,1,EBIT excluding non-recurring items was estimated to increase from 2009 .
604,1,Operating profit excluding non-recurring items increased by 27 % to EUR 81.9 mn from EUR 64.4 mn in the corresponding period in 2008 .
605,1,Cash flow from business operations totalled EUR 0.4 mn compared to a negative EUR 15.5 mn in the first half of 2008 .
606,1,"Cash flow from operations totalled EUR 2.71 mn , compared to a negative EUR 0.83 mn in the corresponding period in 2008 ."
